region,year,netmig,gdp,unemp
Berat,2016,-2719.0,49793.6252,9.4
Berat,2017,-3075.9999999999995,51280.7833,12.9
Berat,2018,-984.0,50764.8579,8.3
Berat,2019,-1349.0000000000002,51516.3263,7.1
Berat,2020,-1011.0000000000001,49678.8354,8.0
Berat,2021,-1549.0000000000002,56882.1475,6.5
Berat,2022,-1093.9999999999998,66902.6653,6.4
Berat,2023,-1253.0,73901.0,3.1
Dibër,2016,-3562.9999999999995,42779.296,8.2
Dibër,2017,-4157.0,42936.0069,7.4
Dibër,2018,-1632.0000000000002,41999.9853,5.9
Dibër,2019,-2433.9999999999995,40787.8154,10.1
Dibër,2020,-1845.0000000000002,40380.0527,9.1
Dibër,2021,-2877.0,43233.0682,11.9
Dibër,2022,-1822.0,50271.0202,17.8
Dibër,2023,-1670.0,56301.6933,16.5
Durrës,2016,4042.999999999999,126401.4008,14.9
Durrës,2017,4633.0,136720.8753,12.0
Durrës,2018,816.0000000000002,139595.5245,13.8
Durrës,2019,1714.0000000000005,145394.9196,14.7
Durrës,2020,2449.0,140856.7973,13.1
Durrës,2021,2208.0,161695.9593,16.1
Durrës,2022,1182.0000000000005,192342.5612,13.3
Durrës,2023,823.0,212544.6374,6.3
Elbasan,2016,-2737.0000000000005,90995.7841,13.2
Elbasan,2017,-2789.9999999999995,92042.3732,9.7
Elbasan,2018,-1272.0000000000002,94930.3268,6.6
Elbasan,2019,-1752.0,96866.2204,5.4
Elbasan,2020,-1289.0,96823.3809,6.4
Elbasan,2021,-1831.9999999999998,103473.4665,6.9
Elbasan,2022,-1283.0,120337.8316,7.1
Elbasan,2023,-964.0000000000002,131747.8425,15.9
Fier,2016,-1676.0000000000002,142903.9516,13.0
Fier,2017,-2000.9999999999995,144681.2079,13.9
Fier,2018,-892.9999999999998,158292.5826,9.1
Fier,2019,-1402.0000000000002,160163.5625,9.5
Fier,2020,-818.0000000000001,155840.3569,8.4
Fier,2021,-1456.9999999999998,174800.8994,8.7
Fier,2022,-1186.9999999999998,195374.9807,7.8
Fier,2023,-1144.0000000000002,217664.5876,5.9
Gjirokastër,2016,-1589.0,30130.281,13.5
Gjirokastër,2017,-2210.0,30063.1218,12.2
Gjirokastër,2018,-836.0000000000001,30909.3942,8.7
Gjirokastër,2019,-1072.0,37234.4903,7.7
Gjirokastër,2020,-535.9999999999999,32388.2828,5.7
Gjirokastër,2021,-1213.0,34832.1475,4.7
Gjirokastër,2022,-656.0000000000001,40364.1607,3.5
Gjirokastër,2023,-776.0,44661.0,5.3
Korçë,2016,-2353.9999999999995,75549.2136,8.8
Korçë,2017,-2808.999999999999,73838.5048,7.6
Korçë,2018,-844.0000000000001,82724.2945,5.9
Korçë,2019,-1087.0000000000002,81774.7752,7.5
Korçë,2020,-742.9999999999999,77867.4217,9.6
Korçë,2021,-1410.0000000000002,79456.1475,9.7
Korçë,2022,-1051.0,89756.1607,8.0
Korçë,2023,-1176.0000000000002,99976.0,9.1
Kukës,2016,-1912.9999999999998,22268.2609,16.9
Kukës,2017,-2021.0,23075.8081,13.7
Kukës,2018,-676.9999999999999,23355.341,7.5
Kukës,2019,-1027.0000000000002,23767.9493,7.2
Kukës,2020,-875.0,20718.2565,6.0
Kukës,2021,-1158.0,23672.1475,4.0
Kukës,2022,-750.9999999999999,26677.1607,4.9
Kukës,2023,-614.0,29562.0,8.1
Lezhë,2016,-561.0,44740.2554,15.0
Lezhë,2017,-933.9999999999998,44066.8566,16.6
Lezhë,2018,-288.00000000000006,45631.2855,19.2
Lezhë,2019,-555.0000000000001,48150.0266,17.7
Lezhë,2020,-590.0000000000001,43670.1459,22.2
Lezhë,2021,-653.0,47722.1475,22.6
Lezhë,2022,-429.00000000000006,54892.1607,22.7
Lezhë,2023,-349.0000000000002,61033.0,19.6
Shkodër,2016,-1170.0,69887.9721,12.8
Shkodër,2017,-1288.0,69727.9887,12.5
Shkodër,2018,-459.99999999999994,72159.1397,11.9
Shkodër,2019,-548.0,74336.6672,9.4
Shkodër,2020,-808.0,71086.9496,14.5
Shkodër,2021,-671.9999999999999,79099.0246,12.1
Shkodër,2022,-514.0,95649.1607,9.7
Shkodër,2023,-425.00000000000006,103758.0,6.3
Tiranë,2016,14397.000000000002,515440.6943,19.7
Tiranë,2017,16843.999999999996,567442.9571,16.7
Tiranë,2018,7193.0,607597.8567,16.0
Tiranë,2019,9456.0,635896.4958,15.0
Tiranë,2020,6111.999999999999,646132.1882,13.7
Tiranë,2021,10677.0,699887.1209,11.8
Tiranë,2022,7366.000000000001,812386.6126,12.2
Tiranë,2023,7365.0,903155.9975,10.7
Vlorë,2016,-157.99999999999991,76229.4756,24.7
Vlorë,2017,-190.99999999999983,75709.0948,23.9
Vlorë,2018,-123.0,81443.8734,21.9
Vlorë,2019,56.00000000000005,86381.3324,15.2
Vlorë,2020,-45.999999999999815,81760.8248,16.6
Vlorë,2021,-64.00000000000006,91366.0794,19.5
Vlorë,2022,238.9999999999999,110460.15,15.3
Vlorë,2023,182.99999999999983,124976.8838,6.3
