Region,Year,NetMigration,GDP,Unemployment
Berat,2016,-2.7,49.8,9.4
Berat,2017,-3.1,51.3,12.9
Berat,2018,-1.0,50.8,8.3
Berat,2019,-1.3,51.5,7.1
Berat,2020,-1.0,49.7,8.0
Berat,2021,-1.5,56.9,6.5
Berat,2022,-1.1,66.9,6.4
Dibër,2016,-3.6,42.8,8.2
Dibër,2017,-4.2,42.9,7.4
Dibër,2018,-1.6,42.0,5.9
Dibër,2019,-2.4,40.8,10.1
Dibër,2020,-1.8,40.4,9.1
Dibër,2021,-2.9,43.2,11.9
Dibër,2022,-1.8,50.3,17.8
Durrës,2016,4.0,126.4,14.9
Durrës,2017,4.6,136.7,12.0
Durrës,2018,0.8,139.6,13.8
Durrës,2019,1.7,145.4,14.7
Durrës,2020,2.4,140.9,13.1
Durrës,2021,2.2,161.7,16.1
Durrës,2022,1.2,192.3,13.3
Elbasan,2016,-2.7,91.0,13.2
Elbasan,2017,-2.8,92.0,9.7
Elbasan,2018,-1.3,94.9,6.6
Elbasan,2019,-1.8,96.9,5.4
Elbasan,2020,-1.3,96.8,6.4
Elbasan,2021,-1.8,103.5,6.9
Elbasan,2022,-1.3,120.3,7.1
Fier,2016,-1.7,142.9,13.0
Fier,2017,-2.0,144.7,13.9
Fier,2018,-0.9,158.3,9.1
Fier,2019,-1.4,160.2,9.5
Fier,2020,-0.8,155.8,8.4
Fier,2021,-1.5,174.8,8.7
Fier,2022,-1.2,195.4,7.8
Gjirokastër,2016,-1.6,30.1,13.5
Gjirokastër,2017,-2.2,30.1,12.2
Gjirokastër,2018,-0.8,30.9,8.7
Gjirokastër,2019,-1.1,37.2,7.7
Gjirokastër,2020,-0.5,32.4,5.7
Gjirokastër,2021,-1.2,34.8,4.7
Gjirokastër,2022,-0.7,40.4,3.5
Korçë,2016,-2.4,75.5,8.8
Korçë,2017,-2.8,73.8,7.6
Korçë,2018,-0.8,82.7,5.9
Korçë,2019,-1.1,81.8,7.5
Korçë,2020,-0.7,77.9,9.6
Korçë,2021,-1.4,79.5,9.7
Korçë,2022,-1.1,89.8,8.0
Kukës,2016,-1.9,22.3,16.9
Kukës,2017,-2.0,23.1,13.7
Kukës,2018,-0.7,23.4,7.5
Kukës,2019,-1.0,23.8,7.2
Kukës,2020,-0.9,20.7,6.0
Kukës,2021,-1.2,23.7,4.0
Kukës,2022,-0.8,26.7,4.9
Lezhë,2016,-0.6,44.7,15.0
Lezhë,2017,-0.9,44.1,16.6
Lezhë,2018,-0.3,45.6,19.2
Lezhë,2019,-0.6,48.2,17.7
Lezhë,2020,-0.6,43.7,22.2
Lezhë,2021,-0.7,47.7,22.6
Lezhë,2022,-0.4,54.9,22.7
Shkodër,2016,-1.2,69.9,12.8
Shkodër,2017,-1.3,69.7,12.5
Shkodër,2018,-0.5,72.2,11.9
Shkodër,2019,-0.5,74.3,9.4
Shkodër,2020,-0.8,71.1,14.5
Shkodër,2021,-0.7,79.1,12.1
Shkodër,2022,-0.5,95.6,9.7
Tiranë,2016,14.4,515.4,19.7
Tiranë,2017,16.8,567.4,16.7
Tiranë,2018,7.2,607.6,16.0
Tiranë,2019,9.5,635.9,15.0
Tiranë,2020,6.1,646.1,13.7
Tiranë,2021,10.7,699.9,11.8
Tiranë,2022,7.4,812.4,12.2
Vlorë,2016,-0.2,76.2,24.7
Vlorë,2017,-0.2,75.7,23.9
Vlorë,2018,-0.1,81.4,21.9
Vlorë,2019,0.1,86.4,15.2
Vlorë,2020,-0.0,81.8,16.6
Vlorë,2021,-0.1,91.4,19.5
Vlorë,2022,0.2,110.5,15.3
